asset_id,rank_v1,rank_v2,delta_rank,action_v1,action_v2,reason_1,reason_2,show_in_demo
seg_000009,60,17,-43,MONITOR,MONITOR,recent breaks weighted under hl10,recency weighting,True
seg_000075,27,55,28,MONITOR,MONITOR,older breaks decayed under hl10,,True
seg_000031,37,63,26,VERIFY,VERIFY,older breaks decayed under hl10,recency weighting,True
seg_000079,5,31,26,INSPECT,MONITOR,older breaks decayed under hl10,action changed: INSPECT to MONITOR,True
seg_000073,59,35,-24,MONITOR,MONITOR,recent breaks weighted under hl10,recency weighting,False
seg_000060,28,50,22,MONITOR,MONITOR,older breaks decayed under hl10,,False
seg_000064,31,53,22,MONITOR,MONITOR,older breaks decayed under hl10,recency weighting,False
seg_000069,48,26,-22,MONITOR,MONITOR,recent breaks weighted under hl10,,False
seg_000008,68,47,-21,MONITOR,MONITOR,recent breaks weighted under hl10,recency weighting,False
seg_000070,49,70,21,MONITOR,MONITOR,older breaks decayed under hl10,,False
